{"cameraMode":{"drawMode":0,"name":"Shaded","section":"Shading Mode"},"sceneLighting":false,"audioPlay":false,"sceneViewState":{"showFog":false,"showMaterialUpdate":true,"showSkybox":true,"showFlares":true,"showImageEffects":true,"showParticleSystems":true},"in2DMode":false,"pivot":{"x":117.10220336914063,"y":1.7923088073730469,"z":47.449214935302737},"rotation":{"x":-0.0886814147233963,"y":-0.8146136403083801,"z":0.12937313318252564,"w":-0.558393120765686},"size":122.01611328125,"orthographic":false}