{"cameraMode":{"drawMode":0,"name":"Shaded","section":"Shading Mode"},"sceneLighting":false,"audioPlay":false,"sceneViewState":{"showFog":false,"showMaterialUpdate":true,"showSkybox":true,"showFlares":true,"showImageEffects":true,"showParticleSystems":true},"in2DMode":false,"pivot":{"x":71.4144287109375,"y":-1.1439857482910157,"z":-24.72244644165039},"rotation":{"x":0.07981153577566147,"y":0.9163334369659424,"z":-0.2300778478384018,"w":0.31786292791366579},"size":56.882568359375,"orthographic":false}